<?xml version="1.0" encoding="UTF-8"?>
<bpmn:definitions xmlns:bpmn="http://www.omg.org/spec/BPMN/20100524/MODEL" xmlns:bpmndi="http://www.omg.org/spec/BPMN/20100524/DI" xmlns:dc="http://www.omg.org/spec/DD/20100524/DC" xmlns:camunda="http://camunda.org/schema/1.0/bpmn" xmlns:di="http://www.omg.org/spec/DD/20100524/DI" id="Definitions_11v650i" targetNamespace="http://bpmn.io/schema/bpmn" exporter="Camunda Modeler" exporterVersion="3.2.1">
  <bpmn:process id="Process_0u8i9vu" isExecutable="true">
    <bpmn:startEvent id="StartEvent_1">
      <bpmn:outgoing>SequenceFlow_1k30mjh</bpmn:outgoing>
    </bpmn:startEvent>
    <bpmn:endEvent id="EndEvent_0sc29ay">
      <bpmn:incoming>SequenceFlow_0he60g8</bpmn:incoming>
    </bpmn:endEvent>
    <bpmn:sequenceFlow id="SequenceFlow_1k30mjh" sourceRef="StartEvent_1" targetRef="Task_12b7rke" />
    <bpmn:sequenceFlow id="SequenceFlow_0kivtgw" sourceRef="Task_12b7rke" targetRef="Task_0s3byia" />
    <bpmn:sequenceFlow id="SequenceFlow_0he60g8" sourceRef="Task_0s3byia" targetRef="EndEvent_0sc29ay" />
    <bpmn:serviceTask id="Task_12b7rke" name="A" camunda:class="com.allstate.ClassA">
      <bpmn:incoming>SequenceFlow_1k30mjh</bpmn:incoming>
      <bpmn:outgoing>SequenceFlow_0kivtgw</bpmn:outgoing>
    </bpmn:serviceTask>
    <bpmn:serviceTask id="Task_0s3byia" name="B" camunda:class="com.allstate.ClassB">
      <bpmn:incoming>SequenceFlow_0kivtgw</bpmn:incoming>
      <bpmn:outgoing>SequenceFlow_0he60g8</bpmn:outgoing>
    </bpmn:serviceTask>
  </bpmn:process>
  <bpmndi:BPMNDiagram id="BPMNDiagram_1">
    <bpmndi:BPMNPlane id="BPMNPlane_1" bpmnElement="Process_0u8i9vu">
      <bpmndi:BPMNShape id="_BPMNShape_StartEvent_2" bpmnElement="StartEvent_1">
        <dc:Bounds x="132" y="103" width="36" height="36" />
      </bpmndi:BPMNShape>
      <bpmndi:BPMNShape id="EndEvent_0sc29ay_di" bpmnElement="EndEvent_0sc29ay">
        <dc:Bounds x="562" y="103" width="36" height="36" />
      </bpmndi:BPMNShape>
      <bpmndi:BPMNEdge id="SequenceFlow_1k30mjh_di" bpmnElement="SequenceFlow_1k30mjh">
        <di:waypoint x="168" y="121" />
        <di:waypoint x="230" y="121" />
      </bpmndi:BPMNEdge>
      <bpmndi:BPMNEdge id="SequenceFlow_0kivtgw_di" bpmnElement="SequenceFlow_0kivtgw">
        <di:waypoint x="330" y="121" />
        <di:waypoint x="400" y="121" />
      </bpmndi:BPMNEdge>
      <bpmndi:BPMNEdge id="SequenceFlow_0he60g8_di" bpmnElement="SequenceFlow_0he60g8">
        <di:waypoint x="500" y="121" />
        <di:waypoint x="562" y="121" />
      </bpmndi:BPMNEdge>
      <bpmndi:BPMNShape id="ServiceTask_1knyp8w_di" bpmnElement="Task_12b7rke">
        <dc:Bounds x="230" y="81" width="100" height="80" />
      </bpmndi:BPMNShape>
      <bpmndi:BPMNShape id="ServiceTask_0ia0dhh_di" bpmnElement="Task_0s3byia">
        <dc:Bounds x="400" y="81" width="100" height="80" />
      </bpmndi:BPMNShape>
    </bpmndi:BPMNPlane>
  </bpmndi:BPMNDiagram>
</bpmn:definitions>
